Source,Form,Date,Email,Name,Phone,Message,More
Contact,Contact,"9/9/2026, 3:45:12 PM",williamspence2604@gmail.com,will from school,,notify my on release,
Contact,Contact,"9/9/2026, 3:43:55 PM",williamspence2604@gmail.com,Will from school,,please add pobby cooler in,
Contact,Contact,"9/8/2026, 7:08:30 PM",williamspence2604@gmail.com,will from school,,"no-one has asked any questions yet have they, Will",
Contact,Contact,"6/13/2026, 4:33:39 PM",anemail@adomain.anextension,ummm,,hewo :),
Contact,Contact,"5/1/2026, 11:51:18 AM",jijgjgh@urmummail.com,gfjghj,,ghjfgjh,"Type (Bug report, feedback, question...): gjghjgh"
Contact,Contact,"3/27/2026, 7:59:48 PM",name@example.com,Lorem Ipsum,,I would like to contact you about...,Type (Bug report or feedback): Feedback
Contact,Contact,"3/26/2026, 6:54:29 PM",williamrobsonlebbie@gmail.com,me,,"theres a game studio called pobsonGames, with the website soloist.ai/pobsongames, and are making a game called pobby life

I looked this up, and right now there’s no clear public evidence that a game studio called “PobsonGames” or a game called “Pobby Life” actually exists in any widely recognized or documented way online.
What I found

    The link you mentioned (soloist.ai/pobsongames) doesn’t show up in reliable indexed sources or game databases.

    There are no listings for:

        a registered studio named PobsonGames

        a released or announced game called Pobby Life

    It’s also not appearing on typical platforms like Steam, itch.io, Google Play, or gaming news sites.

What that likely means

One of these is probably true:

    🧪 It’s a very early / private / experimental project (maybe just a prototype page)

    👤 It’s a solo developer or very small indie project with almost no public presence yet

    🌐 It could even be a placeholder or test site rather than a real studio

    🧢 Or the name might be slightly different (typo, alternate spelling, etc.)

Closest similar ideas

Games with similar “life sim / sandbox” vibes do exist, like:

    Wobbly Life – open-world, jobs, goofy physics

    Life: The Game – mini-games representing life stages

Those are established, unlike “Pobby Life,” which currently has no footprint.
If you want

Send me the exact link or a screenshot of the site you saw—I can dig deeper and verify whether it’s:

    legit but obscure

    fake / joke project

    or something brand new that just hasn’t spread yet 👀


a friend of mine made it

Ahh—that explains it 🙂

If your friend made PobsonGames and Pobby Life, then it’s almost certainly just a very early-stage indie project that hasn’t been publicly launched or indexed yet. That’s why there’s basically no trace of it online—totally normal for small or solo dev projects.
What this likely means

    🧑‍💻 It’s probably a personal studio name, not officially registered or marketed yet

    🌱 Pobby Life is likely:

        a prototype

        a small demo

        or still in development

    🌐 The soloist.ai page might just be a simple landing page or experiment rather than a full release site

If your friend wants it to be “real” publicly

Here’s what they’d need to do to make it show up online:

    Put the game on a platform like:

        itch.io (best for small indie devs)

        Steam (if it becomes more serious)

    Create a consistent online presence:

        same name everywhere (PobsonGames)

        maybe a simple site + social account

    Add basic info:

        screenshots

        description

        download or trailer

Quick reality check

Right now it’s not “fake”—it’s just too early and too small to exist in public databases yet. Every indie game starts exactly like this.

If you want, tell me what Pobby Life is about—I can:

    help refine the idea

    suggest features

    or even help your friend make a proper game page 👍


im joking - i actually made it

Alright, got it 😄 — that actually makes this more interesting.

So you’re behind PobsonGames and Pobby Life. In that case, what you’re seeing (no online presence, no recognition) isn’t a problem—it’s just where every new indie project starts.
Here’s the honest reality

Right now, your project basically exists in a “zero visibility state”:

    Search engines don’t know it yet

    No platforms are indexing it

    No players have seen it

That’s completely normal—but it also means if you want people to care about Pobby Life, you’ll need to intentionally make it visible.
How to turn Pobby Life into a “real” game people can find
1. Give it a proper home

Start with something simple:

    Put it on itch.io (fastest way to exist publicly)

    Or make a clean landing page (not just a bare soloist.ai page)

Include:

    A short pitch (“What is Pobby Life?”)

    Screenshots or clips

    What makes it different

2. Define the hook (this matters most)

Right now, the name Pobby Life could mean anything.

Ask yourself:

    What do you do in the game?

    Why would someone choose it over similar games?

    Is it funny, chaotic, relaxing, weird?

Example directions:

    goofy physics life sim (like Wobbly-style chaos)

    surreal “life choices” game

    sandbox with strange mechanics

If you can’t explain it in one sentence, players won’t get it.
3. Start showing it early

You don’t need a finished game.

Post clips on:

    TikTok

    YouTube Shorts

    Reddit (indie dev / gaming subs)

Even rough footage works if it’s interesting.
4. Make the name stick

“PobsonGames” + “Pobby Life” is unique (which is good), but:

    Make sure you use the exact same spelling everywhere

    Grab usernames early if you can

5. Be realistic (but strategic)

Most indie games fail because:

    no marketing

    no clear hook

    or they launch too quietly

You can avoid that just by:

    showing progress

    making something visually or m",Type (Bug report or feedback): feedback
Contact,Contact,"3/25/2026, 5:54:55 PM",williamrobsonlebbie@gmail.com,pobson,,"https://www.google.com/search?q=pobsongames&client=firefox-b-d&hs=tnF&sca_esv=5c685c3490d49ca4&sxsrf=ANbL-n6xzCRAVdkZA8rKDcEHXfs32pDd_w%3A1774460412109&fbs=ADc_l-aN0CWEZBOHjofHoaMMDiKpaEWjvZ2Py1XXV8d8KvlI3jljrY5CkLlk8Dq3IvwBz-R5R-93bnJN-gfJetFY0A5MB-rerWVUzYIWeP5MmTxfBYZuFnCMRji5XIMrWj00z5XFvtP-GQHAqz_erS4QyXTJY5vc6qQ3m8q3EhrFAKG0MdiNd9NvV7UZYGS3iqtagx4m7jqZ3cd5ZTDB9X7jMMG2Aobw-g&aep=1&ntc=1&sa=X&ved=2ahUKEwjJlqCUzLuTAxWfYEEAHQ5sH7YQ2J8OegQIEBAE&biw=1476&bih=834&dpr=1.25&mstk=AUtExfCO3SGKi43yO0IBrHs8kfJYMUGug5oSmJfWTJeZJ_Df7gJOVgVVLu0ktPxJB8J3564nAKpQIIw5XMyWzJjAtxuWESrheFwd7Hp9UTtURtOdBtVu8aH5gZEEdODdPKM3Gf-31hqpiU5X7N_GdzcCwhYImdVa83b1hc05qhDOKRfM7r8H4R-biXhEgO9KlPGtspkVCR9foFEdhNGI8Z_AGyj8huhb9c7_UYsg4xr4elCE5TRh8s2xCQFgk1w62Ldc1oAPg6Yf-MQngZMMrL0j-YKZUzkJICAXQLc&csuir=1&mtid=_h3EafPyCPHQhbIPzbTSeA&udm=50

While
Pobson has built a solid foundation using the Soloist.ai platform, there are several areas where the pobsonGames site could be enhanced to better engage the community and showcase Pobby Life.
Suggested Website Improvements

    Interactive Development Roadmap: Adding a visual progress bar or a ""What’s Next"" section would give fans a clearer idea of the game's timeline and reduce uncertainty about release dates.
    Media Gallery: High-quality screenshots or short GIFs of gameplay (like a ""#ScreenshotSaturday"" style preview) are highly effective for indie games to catch attention on social media and build hype.
    Playable Demo or Alpha Access: Providing even a small, limited-scope demo or ""prototype"" directly on the site can turn blog readers into active players and provide Pobson with crucial early feedback.
    Community Integration:
        RSS Feed: This would allow dedicated followers to get immediate updates whenever a new blog post is released.
        Discord Link: Since much of the indie gaming conversation happens on Discord, adding a direct link to a community server could centralise fan interaction.
    SEO & Navigation:
        Internal Linking: Ensuring every blog post links to the main Pobby Life page can help keep visitors on the site longer.
        Keyword Optimisation: Using specific tags like #indiedev or #lifesim in post metadata can help the site appear more often in search results for those genres.

Would you like me to look for any specific gameplay details Pobson has revealed about Pobby Life so far?",Type (Bug report or feedback): feedback
Contact,Contact,"3/23/2026, 3:29:06 PM",meow@meow.meow,hi,,gfhfgh,Type (Bug report or feedback): hfhf
Contact,Contact,"3/23/2026, 3:08:29 PM",hhhh@h.co.uk,h,,hi,Type (Bug report or feedback): h
Contact,Contact,"3/21/2026, 5:15:19 PM",marinajanerobson@gmail.com,Pobson,,Meow,
Contact,Contact,"3/21/2026, 8:44:15 AM",dunno@pobsonmail.com,pobson,,"hi
",
Contact,Contact,"3/21/2026, 8:36:42 AM",william.robson@boothamstudent.co.uk,pobson,,ur mum,
Contact,Contact,"3/20/2026, 6:32:08 PM",williamrobsonlebbie@gmail.com,pobson,,hi,
Newsletter,,"6/9/2026, 3:34:22 PM",tigerjack2022@gmail.com,,,,
Newsletter,,"3/23/2026, 3:29:23 PM",duno@meow.com,,,,
Newsletter,,"3/20/2026, 6:32:55 PM",williamrobsonlebbie@gmail.com,,,,
