Page,Section,Section title,Location,Image URL,Source,Attribution
,,,Favicon,https://cdn.soloist.ai/de7d1eed-effd-47fe-937b-9749c4cc98e1/logo/15239c9d-b057-4642-9fd9-641b528d892c.png,Custom,
(all pages),Header,,Site logo,https://cdn.soloist.ai/de7d1eed-effd-47fe-937b-9749c4cc98e1/logo/5f245ac1-bf3a-4fb1-837b-462b97bc816e.png,Custom,
/,Introduction,Pobby Life: Taking A Step Back,Section image,https://cdn.soloist.ai/de7d1eed-effd-47fe-937b-9749c4cc98e1/bde2e160-27b2-497d-9dac-8c2c289027ee_2048x2048.webp,Custom,
/,Team,Creator,Team member #1 — Pobson,https://cdn.soloist.ai/de7d1eed-effd-47fe-937b-9749c4cc98e1/785a7ad2-5731-47f1-bb8c-8a07a3d489fa_2048x2048.webp,Custom,
/,ImageBanner,,Banner image,https://images.unsplash.com/photo-1545804913-688517980abc?crop=entropy&cs=srgb&fm=jpg&ixid=M3w0OTUyODh8MHwxfHNlYXJjaHwyNHx8aW5kaWUlMjBnYW1lJTIwZGV2ZWxvcG1lbnR8ZW58MHwwfHx8MTc3NjE5MzM3N3ww&ixlib=rb-4.1.0&q=85,Unsplash,https://api.unsplash.com/photos/G2RM3fk7VQ8/download?ixid=M3w0OTUyODh8MHwxfHNlYXJjaHwyNHx8aW5kaWUlMjBnYW1lJTIwZGV2ZWxvcG1lbnR8ZW58MHwwfHx8MTc3NjE5MzM3N3ww
/blog/what-the-future-looks-like-for-pobby-life-b1077fda,BlogFeed,News,Blog post cover — What the future looks like for Pobby Life...,https://images.unsplash.com/photo-1566345984367-fa2ba5cedc17?crop=entropy&cs=srgb&fm=jpg&ixid=M3w0OTUyODh8MHwxfHNlYXJjaHw1fHxzcGFjZXxlbnwwfDB8fHwxNzgyNjc1MTEzfDA&ixlib=rb-4.1.0&q=85,Unsplash,https://api.unsplash.com/photos/Z6EpCdMcoUU/download?ixid=M3w0OTUyODh8MHwxfHNlYXJjaHw1fHxzcGFjZXxlbnwwfDB8fHwxNzgyNjc1MTEzfDA
/blog/monthly-dev-roundup-31052026-0ece5cbf,BlogFeed,News,Blog post cover — Monthly Dev Roundup - 31/05/2026,https://images.unsplash.com/photo-1633526543814-9718c8922b7a?crop=entropy&cs=srgb&fm=jpg&ixid=M3w0OTUyODh8MHwxfHNlYXJjaHwxfHxjYWxlbmRhcnxlbnwwfDB8fHwxNzgwMjM1NTI3fDA&ixlib=rb-4.1.0&q=85,Unsplash,https://api.unsplash.com/photos/bwOAixLG0uc/download?ixid=M3w0OTUyODh8MHwxfHNlYXJjaHwxfHxjYWxlbmRhcnxlbnwwfDB8fHwxNzgwMjM1NTI3fDA
/blog/pobby-life-minimum-os-df84ac64,BlogFeed,News,Blog post cover — Pobby Life Minimum OS,https://cdn.soloist.ai/de7d1eed-effd-47fe-937b-9749c4cc98e1/08d3b63b-e661-42d2-802c-850bcf089f0e_2048x2048.webp,Custom,
/blog/what-will-a-pobby-look-like-5b2d584e,BlogFeed,News,Blog post cover — What will a 'Pobby' look like?,https://cdn.soloist.ai/de7d1eed-effd-47fe-937b-9749c4cc98e1/f9138b54-9700-4557-aa22-a5fa98bcbc90_2048x2048.webp,Custom,
/blog/what-will-a-pobby-look-like-5b2d584e,BlogFeed,News,Inline image #1 — What will a 'Pobby' look like?,https://cdn.soloist.ai/de7d1eed-effd-47fe-937b-9749c4cc98e1/f9138b54-9700-4557-aa22-a5fa98bcbc90_2048x2048.webp,,
/blog/the-new-pobsongames-feedback-hub-report-bugs-provide-feedback-see-the-help-centre-and-more-222eddfe,BlogFeed,News,"Blog post cover — The new pobsonGames Feedback Hub: Report bugs, provide feedback, see the help centre and more!",https://images.unsplash.com/photo-1577563908411-5077b6dc7624?crop=entropy&cs=srgb&fm=jpg&ixid=M3w0OTUyODh8MHwxfHNlYXJjaHwxfHxzcGVlY2glMjBidWJibGV8ZW58MHwwfHx8MTc3ODUyODcyOHww&ixlib=rb-4.1.0&q=85,Unsplash,https://api.unsplash.com/photos/V5vqWC9gyEU/download?ixid=M3w0OTUyODh8MHwxfHNlYXJjaHwxfHxzcGVlY2glMjBidWJibGV8ZW58MHwwfHx8MTc3ODUyODcyOHww
/blog/just-a-football-post-d0ac0828,BlogFeed,News,Blog post cover — Just a football post,https://images.unsplash.com/photo-1551958219-acbc608c6377?crop=entropy&cs=srgb&fm=jpg&ixid=M3w0OTUyODh8MHwxfHNlYXJjaHwxOXx8Zm9vdGJhbGx8ZW58MHwwfHx8MTc3NzExODMwNnww&ixlib=rb-4.1.0&q=85,Unsplash,https://api.unsplash.com/photos/JO19K0HDDXI/download?ixid=M3w0OTUyODh8MHwxfHNlYXJjaHwxOXx8Zm9vdGJhbGx8ZW58MHwwfHx8MTc3NzExODMwNnww
/blog/monthly-dev-roundup-15042026-b552a9db,BlogFeed,News,Blog post cover — Monthly Dev Roundup - 15/04/2026,https://images.unsplash.com/photo-1678962855748-d012ea7a2f10?crop=entropy&cs=srgb&fm=jpg&ixid=M3w0OTUyODh8MHwxfHNlYXJjaHwxfHxnYW1lLWRldmVsb3BtZW50JTJDJTIwaW5kaWUtZGV2JTJDJTIwcGl4ZWwtYXJ0fGVufDB8MHx8fDE3NzYyNjUyNTV8MA&ixlib=rb-4.1.0&q=85,Unsplash,https://api.unsplash.com/photos/FBOtRoom244/download?ixid=M3w0OTUyODh8MHwxfHNlYXJjaHwxfHxnYW1lLWRldmVsb3BtZW50JTJDJTIwaW5kaWUtZGV2JTJDJTIwcGl4ZWwtYXJ0fGVufDB8MHx8fDE3NzYyNjUyNTV8MA
/blog/happy-easter-4f1cfa4b,BlogFeed,News,Blog post cover — Happy Easter!,https://images.unsplash.com/photo-1680703216910-76c6331b235f?crop=entropy&cs=srgb&fm=jpg&ixid=M3w0OTUyODh8MHwxfHNlYXJjaHwxfHxlYXN0ZXIlMjBidW5ueXxlbnwwfDB8fHwxNzc0OTY4ODMxfDA&ixlib=rb-4.1.0&q=85,Unsplash,https://api.unsplash.com/photos/jyCkfUQkLIE/download?ixid=M3w0OTUyODh8MHwxfHNlYXJjaHwxfHxlYXN0ZXIlMjBidW5ueXxlbnwwfDB8fHwxNzc0OTY4ODMxfDA
/blog/happy-easter-4f1cfa4b,BlogFeed,News,Inline image #1 — Happy Easter!,https://cdn.soloist.ai/de7d1eed-effd-47fe-937b-9749c4cc98e1/d23df7c3-afb8-4e09-9b85-260bb6acbd09_2048x2048.webp,,
/blog/how-the-idea-of-pobby-life-came-around-0e8e50c8,BlogFeed,News,Blog post cover — How the Idea of Pobby Life Came Around,https://images.unsplash.com/photo-1768055104910-8c8d213835fb?crop=entropy&cs=srgb&fm=jpg&ixid=M3w0OTUyODh8MHwxfHNlYXJjaHwzfHx0aW1lJTIwbWFuYWdlbWVudCUyQyUyMHByb2R1Y3Rpdml0eSUyQyUyMHdvcmtmbG93fGVufDB8MHx8fDE3NzQxOTc0NjF8MA&ixlib=rb-4.1.0&q=85,Unsplash,https://api.unsplash.com/photos/TB7aNN4blTQ/download?ixid=M3w0OTUyODh8MHwxfHNlYXJjaHwzfHx0aW1lJTIwbWFuYWdlbWVudCUyQyUyMHByb2R1Y3Rpdml0eSUyQyUyMHdvcmtmbG93fGVufDB8MHx8fDE3NzQxOTc0NjF8MA
/blog/how-the-idea-of-pobby-life-came-around-0e8e50c8,BlogFeed,News,Inline image #1 — How the Idea of Pobby Life Came Around,https://cdn.soloist.ai/de7d1eed-effd-47fe-937b-9749c4cc98e1/65aa34d9-dfa9-4a9c-bd4e-62b81f50aaa0_2048x2048.webp,,
/blog/how-the-idea-of-pobby-life-came-around-0e8e50c8,BlogFeed,News,Inline image #2 — How the Idea of Pobby Life Came Around,https://cdn.soloist.ai/de7d1eed-effd-47fe-937b-9749c4cc98e1/08d3b63b-e661-42d2-802c-850bcf089f0e_2048x2048.webp,,
/games,Article,Pobby Life: Taking A Step Back,Section image,/img/placeholder.png,Custom,
/about,Article,About pobsonGames...,Section image,https://cdn.soloist.ai/de7d1eed-effd-47fe-937b-9749c4cc98e1/785a7ad2-5731-47f1-bb8c-8a07a3d489fa_2048x2048.webp,Custom,
